CodeClasse,NumInscription
LPGLAASRI,EtudLPGLAASRI001
LPGLAASRI,EtudLPGLAASRI002
LPGLAASRI,EtudLPGLAASRI003
LPGLAASRI,EtudLPGLAASRI004
LPGLAASRI,EtudLPGLAASRI005
LPGLAASRI,EtudLPGLAASRI006
LPGLAASRI,EtudLPGLAASRI007
LPGLAASRI,EtudLPGLAASRI008
LPGLAASRI,EtudLPGLAASRI009
LPGLAASRI,EtudLPGLAASRI010
LPGLAASRI,EtudLPGLAASRI011
LPGLAASRI,EtudLPGLAASRI012
LPGLAASRI,EtudLPGLAASRI013
LPGLAASRI,EtudLPGLAASRI014
LPGLAASRI,EtudLPGLAASRI015
LPGLAASRI,EtudLPGLAASRI016
LPGLAASRI,EtudLPGLAASRI017
LPGLAASRI,EtudLPGLAASRI018
LPGLAASRI,EtudLPGLAASRI019
LPGLAASRI,EtudLPGLAASRI020
LPGLAASRI,EtudLPGLAASRI021
LPGLAASRI,EtudLPGLAASRI022
LPGLAASRI,EtudLPGLAASRI023
LPGLAASRI,EtudLPGLAASRI024
LPGLAASRI,EtudLPGLAASRI025
LPGLAASRI,EtudLPGLAASRI026
LPGLAASRI,EtudLPGLAASRI027
LPGLAASRI,EtudLPGLAASRI028
LPGLAASRI,EtudLPGLAASRI029
LPGLAASRI,EtudLPGLAASRI030
LPGLAASRI,EtudLPGLAASRI031
LPGLAASRI,EtudLPGLAASRI032
LPGLAASRI,EtudLPGLAASRI033
LPGLAASRI,EtudLPGLAASRI034
LPGLAASRI,EtudLPGLAASRI035
LPGLAASRI,EtudLPGLAASRI036
LPGLAASRI,EtudLPGLAASRI037
LPGLAASRI,EtudLPGLAASRI038
LPGLAASRI,EtudLPGLAASRI039
LPGLAASRI,EtudLPGLAASRI040
GI2,EtudGI2001
GI2,EtudGI2002
GI2,EtudGI2003
GI2,EtudGI2004
GI2,EtudGI2005
GI2,EtudGI2006
GI2,EtudGI2007
GI2,EtudGI2008
GI2,EtudGI2009
GI2,EtudGI2010
GI2,EtudGI2011
GI2,EtudGI2012
GI2,EtudGI2013
GI2,EtudGI2014
GI2,EtudGI2015
GI2,EtudGI2016
GI2,EtudGI2017
GI2,EtudGI2018
GI2,EtudGI2019
GI2,EtudGI2020
GI2,EtudGI2021
GI2,EtudGI2022
GI2,EtudGI2023
GI2,EtudGI2024
GI2,EtudGI2025
GI2,EtudGI2026
GI2,EtudGI2027
GI2,EtudGI2028
GI2,EtudGI2029
GI2,EtudGI2030
GI2,EtudGI2031
GI2,EtudGI2032
GI2,EtudGI2033
GI2,EtudGI2034
GI2,EtudGI2035
GI2,EtudGI2036
GI2,EtudGI2037
GI2,EtudGI2038
GI2,EtudGI2039
GI2,EtudGI2040
GI2,EtudGI2041
GI2,EtudGI2042
GI2,EtudGI2043
GI2,EtudGI2044
GI2,EtudGI2045
GI2,EtudGI2046
GI2,EtudGI2047
GI2,EtudGI2048
GI2,EtudGI2049
GI2,EtudGI2050
GI2,EtudGI2051
GI2,EtudGI2052
GI2,EtudGI2053
GI2,EtudGI2054
GI2,EtudGI2055
GI2,EtudGI2056
GI2,EtudGI2057
GI2,EtudGI2058
GI2,EtudGI2059
GI2,EtudGI2060
GI2,EtudGI2061
GI2,EtudGI2062
GI2,EtudGI2063
GI2,EtudGI2064
GI2,EtudGI2065
GI2,EtudGI2066
GI2,EtudGI2067
GI2,EtudGI2068
GI2,EtudGI2069
GI2,EtudGI2070
GI2,EtudGI2071
GI2,EtudGI2072
GI2TDGR1,EtudGI2001
GI2TDGR1,EtudGI2002
GI2TDGR1,EtudGI2003
GI2TDGR1,EtudGI2004
GI2TDGR1,EtudGI2005
GI2TDGR1,EtudGI2006
GI2TDGR1,EtudGI2007
GI2TDGR1,EtudGI2008
GI2TDGR1,EtudGI2009
GI2TDGR1,EtudGI2010
GI2TDGR1,EtudGI2011
GI2TDGR1,EtudGI2012
GI2TDGR1,EtudGI2013
GI2TDGR1,EtudGI2014
GI2TDGR1,EtudGI2015
GI2TDGR1,EtudGI2016
GI2TDGR1,EtudGI2017
GI2TDGR1,EtudGI2018
GI2TDGR1,EtudGI2019
GI2TDGR1,EtudGI2020
GI2TDGR1,EtudGI2021
GI2TDGR1,EtudGI2022
GI2TDGR1,EtudGI2023
GI2TDGR1,EtudGI2024
GI2TDGR1,EtudGI2025
GI2TDGR1,EtudGI2026
GI2TDGR1,EtudGI2027
GI2TDGR1,EtudGI2028
GI2TDGR1,EtudGI2029
GI2TDGR1,EtudGI2030
GI2TDGR1,EtudGI2031
GI2TDGR1,EtudGI2032
GI2TDGR1,EtudGI2033
GI2TDGR1,EtudGI2034
GI2TDGR1,EtudGI2035
GI2TDGR1,EtudGI2036
GI2TDGR2,EtudGI2037
GI2TDGR2,EtudGI2038
GI2TDGR2,EtudGI2039
GI2TDGR2,EtudGI2040
GI2TDGR2,EtudGI2041
GI2TDGR2,EtudGI2042
GI2TDGR2,EtudGI2043
GI2TDGR2,EtudGI2044
GI2TDGR2,EtudGI2045
GI2TDGR2,EtudGI2046
GI2TDGR2,EtudGI2047
GI2TDGR2,EtudGI2048
GI2TDGR2,EtudGI2049
GI2TDGR2,EtudGI2050
GI2TDGR2,EtudGI2051
GI2TDGR2,EtudGI2052
GI2TDGR2,EtudGI2053
GI2TDGR2,EtudGI2054
GI2TDGR2,EtudGI2055
GI2TDGR2,EtudGI2056
GI2TDGR2,EtudGI2057
GI2TDGR2,EtudGI2058
GI2TDGR2,EtudGI2059
GI2TDGR2,EtudGI2060
GI2TDGR2,EtudGI2061
GI2TDGR2,EtudGI2062
GI2TDGR2,EtudGI2063
GI2TDGR2,EtudGI2064
GI2TDGR2,EtudGI2065
GI2TDGR2,EtudGI2066
GI2TDGR2,EtudGI2067
GI2TDGR2,EtudGI2068
GI2TDGR2,EtudGI2069
GI2TDGR2,EtudGI2070
GI2TDGR2,EtudGI2071
GI2TDGR2,EtudGI2072
GI2TPGR1,EtudGI2001
GI2TPGR1,EtudGI2002
GI2TPGR1,EtudGI2003
GI2TPGR1,EtudGI2004
GI2TPGR1,EtudGI2005
GI2TPGR1,EtudGI2006
GI2TPGR1,EtudGI2007
GI2TPGR1,EtudGI2008
GI2TPGR1,EtudGI2009
GI2TPGR1,EtudGI2010
GI2TPGR1,EtudGI2011
GI2TPGR1,EtudGI2012
GI2TPGR1,EtudGI2013
GI2TPGR1,EtudGI2014
GI2TPGR1,EtudGI2015
GI2TPGR1,EtudGI2016
GI2TPGR1,EtudGI2017
GI2TPGR1,EtudGI2018
GI2TPGR1,EtudGI2019
GI2TPGR1,EtudGI2020
GI2TPGR1,EtudGI2021
GI2TPGR1,EtudGI2022
GI2TPGR1,EtudGI2023
GI2TPGR1,EtudGI2024
GI2TPGR1,EtudGI2025
GI2TPGR1,EtudGI2026
GI2TPGR1,EtudGI2027
GI2TPGR1,EtudGI2028
GI2TPGR1,EtudGI2029
GI2TPGR1,EtudGI2030
GI2TPGR1,EtudGI2031
GI2TPGR1,EtudGI2032
GI2TPGR1,EtudGI2033
GI2TPGR1,EtudGI2034
GI2TPGR1,EtudGI2035
GI2TPGR1,EtudGI2036
GI2TPGR2,EtudGI2037
GI2TPGR2,EtudGI2038
GI2TPGR2,EtudGI2039
GI2TPGR2,EtudGI2040
GI2TPGR2,EtudGI2041
GI2TPGR2,EtudGI2042
GI2TPGR2,EtudGI2043
GI2TPGR2,EtudGI2044
GI2TPGR2,EtudGI2045
GI2TPGR2,EtudGI2046
GI2TPGR2,EtudGI2047
GI2TPGR2,EtudGI2048
GI2TPGR2,EtudGI2049
GI2TPGR2,EtudGI2050
GI2TPGR2,EtudGI2051
GI2TPGR2,EtudGI2052
GI2TPGR2,EtudGI2053
GI2TPGR2,EtudGI2054
GI2TPGR2,EtudGI2055
GI2TPGR2,EtudGI2056
GI2TPGR2,EtudGI2057
GI2TPGR2,EtudGI2058
GI2TPGR2,EtudGI2059
GI2TPGR2,EtudGI2060
GI2TPGR2,EtudGI2061
GI2TPGR2,EtudGI2062
GI2TPGR2,EtudGI2063
GI2TPGR2,EtudGI2064
GI2TPGR2,EtudGI2065
GI2TPGR2,EtudGI2066
GI2TPGR2,EtudGI2067
GI2TPGR2,EtudGI2068
GI2TPGR2,EtudGI2069
GI2TPGR2,EtudGI2070
GI2TPGR2,EtudGI2071
GI2TPGR2,EtudGI2072
GI1,EtudGI1001
GI1,EtudGI1002
GI1,EtudGI1003
GI1,EtudGI1004
GI1,EtudGI1005
GI1,EtudGI1006
GI1,EtudGI1007
GI1,EtudGI1008
GI1,EtudGI1009
GI1,EtudGI1010
GI1,EtudGI1011
GI1,EtudGI1012
GI1,EtudGI1013
GI1,EtudGI1014
GI1,EtudGI1015
GI1,EtudGI1016
GI1,EtudGI1017
GI1,EtudGI1018
GI1,EtudGI1019
GI1,EtudGI1020
GI1,EtudGI1021
GI1,EtudGI1022
GI1,EtudGI1023
GI1,EtudGI1024
GI1,EtudGI1025
GI1,EtudGI1026
GI1,EtudGI1027
GI1,EtudGI1028
GI1,EtudGI1029
GI1,EtudGI1030
GI1,EtudGI1031
GI1,EtudGI1032
GI1,EtudGI1033
GI1,EtudGI1034
GI1,EtudGI1035
GI1,EtudGI1036
GI1,EtudGI1037
GI1,EtudGI1038
GI1,EtudGI1039
GI1,EtudGI1040
GI1,EtudGI1041
GI1,EtudGI1042
GI1,EtudGI1043
GI1,EtudGI1044
GI1,EtudGI1045
GI1,EtudGI1046
GI1,EtudGI1047
GI1,EtudGI1048
GI1,EtudGI1049
GI1,EtudGI1050
GI1,EtudGI1051
GI1,EtudGI1052
GI1,EtudGI1053
GI1,EtudGI1054
GI1,EtudGI1055
GI1,EtudGI1056
GI1,EtudGI1057
GI1,EtudGI1058
GI1,EtudGI1059
GI1,EtudGI1060
GI1,EtudGI1061
GI1,EtudGI1062
GI1,EtudGI1063
GI1,EtudGI1064
GI1,EtudGI1065
GI1,EtudGI1066
GI1,EtudGI1067
GI1,EtudGI1068
GI1,EtudGI1069
GI1,EtudGI1070
GI1,EtudGI1071
GI1,EtudGI1072
GI1,EtudGI1073
GI1,EtudGI1074
GI1,EtudGI1075
GI1,EtudGI1076
GI1,EtudGI1077
GI1,EtudGI1078
GI1,EtudGI1079
GI1,EtudGI1080
GI1,EtudGI1081
GI1,EtudGI1082
GI1,EtudGI1083
GI1,EtudGI1084
GI1,EtudGI1085
GI1,EtudGI1086
GI1,EtudGI1087
GI1,EtudGI1088
GI1,EtudGI1089
GI1,EtudGI1090
GI1,EtudGI1091
GI1,EtudGI1092
GI1,EtudGI1093
GI1,EtudGI1094
GI1,EtudGI1095
GI1,EtudGI1096
GI1,EtudGI1097
GI1,EtudGI1098
GI1,EtudGI1099
GI1,EtudGI1100
GI1,EtudGI1101
GI1,EtudGI1102
GI1,EtudGI1103
GI1,EtudGI1104
GI1,EtudGI1105
GI1,EtudGI1106
GI1,EtudGI1107
GI1,EtudGI1108
GI1,EtudGI1109
GI1,EtudGI1110
GI1,EtudGI1111
GI1,EtudGI1112
GI1,EtudGI1113
GI1,EtudGI1114
GI1,EtudGI1115
GI1,EtudGI1116
GI1,EtudGI1117
GI1,EtudGI1118
GI1,EtudGI1119
GI1,EtudGI1120
GI1,EtudGI1121
GI1,EtudGI1122
GI1,EtudGI1123
GI1,EtudGI1124
GI1,EtudGI1125
GI1,EtudGI1126
GI1,EtudGI1127
GI1,EtudGI1128
GI1,EtudGI1129
GI1,EtudGI1130
GI1TDGR1,EtudGI1001
GI1TDGR1,EtudGI1002
GI1TDGR1,EtudGI1003
GI1TDGR1,EtudGI1004
GI1TDGR1,EtudGI1005
GI1TDGR1,EtudGI1006
GI1TDGR1,EtudGI1007
GI1TDGR1,EtudGI1008
GI1TDGR1,EtudGI1009
GI1TDGR1,EtudGI1010
GI1TDGR1,EtudGI1011
GI1TDGR1,EtudGI1012
GI1TDGR1,EtudGI1013
GI1TDGR1,EtudGI1014
GI1TDGR1,EtudGI1015
GI1TDGR1,EtudGI1016
GI1TDGR1,EtudGI1017
GI1TDGR1,EtudGI1018
GI1TDGR1,EtudGI1019
GI1TDGR1,EtudGI1020
GI1TDGR1,EtudGI1021
GI1TDGR1,EtudGI1022
GI1TDGR1,EtudGI1023
GI1TDGR1,EtudGI1024
GI1TDGR1,EtudGI1025
GI1TDGR1,EtudGI1026
GI1TDGR1,EtudGI1027
GI1TDGR1,EtudGI1028
GI1TDGR1,EtudGI1029
GI1TDGR1,EtudGI1030
GI1TDGR1,EtudGI1031
GI1TDGR1,EtudGI1032
GI1TDGR1,EtudGI1033
GI1TDGR1,EtudGI1034
GI1TDGR1,EtudGI1035
GI1TDGR1,EtudGI1036
GI1TDGR1,EtudGI1037
GI1TDGR1,EtudGI1038
GI1TDGR1,EtudGI1039
GI1TDGR1,EtudGI1040
GI1TDGR1,EtudGI1041
GI1TDGR1,EtudGI1042
GI1TDGR1,EtudGI1043
GI1TDGR1,EtudGI1044
GI1TDGR1,EtudGI1045
GI1TDGR1,EtudGI1046
GI1TDGR1,EtudGI1047
GI1TDGR1,EtudGI1048
GI1TDGR1,EtudGI1049
GI1TDGR1,EtudGI1050
GI1TDGR1,EtudGI1051
GI1TDGR1,EtudGI1052
GI1TDGR1,EtudGI1053
GI1TDGR1,EtudGI1054
GI1TDGR1,EtudGI1055
GI1TDGR1,EtudGI1056
GI1TDGR1,EtudGI1057
GI1TDGR1,EtudGI1058
GI1TDGR1,EtudGI1059
GI1TDGR1,EtudGI1060
GI1TDGR1,EtudGI1061
GI1TDGR1,EtudGI1062
GI1TDGR1,EtudGI1063
GI1TDGR1,EtudGI1064
GI1TDGR1,EtudGI1065
GI1TDGR2,EtudGI1066
GI1TDGR2,EtudGI1067
GI1TDGR2,EtudGI1068
GI1TDGR2,EtudGI1069
GI1TDGR2,EtudGI1070
GI1TDGR2,EtudGI1071
GI1TDGR2,EtudGI1072
GI1TDGR2,EtudGI1073
GI1TDGR2,EtudGI1074
GI1TDGR2,EtudGI1075
GI1TDGR2,EtudGI1076
GI1TDGR2,EtudGI1077
GI1TDGR2,EtudGI1078
GI1TDGR2,EtudGI1079
GI1TDGR2,EtudGI1080
GI1TDGR2,EtudGI1081
GI1TDGR2,EtudGI1082
GI1TDGR2,EtudGI1083
GI1TDGR2,EtudGI1084
GI1TDGR2,EtudGI1085
GI1TDGR2,EtudGI1086
GI1TDGR2,EtudGI1087
GI1TDGR2,EtudGI1088
GI1TDGR2,EtudGI1089
GI1TDGR2,EtudGI1090
GI1TDGR2,EtudGI1091
GI1TDGR2,EtudGI1092
GI1TDGR2,EtudGI1093
GI1TDGR2,EtudGI1094
GI1TDGR2,EtudGI1095
GI1TDGR2,EtudGI1096
GI1TDGR2,EtudGI1097
GI1TDGR2,EtudGI1098
GI1TDGR2,EtudGI1099
GI1TDGR2,EtudGI1100
GI1TDGR2,EtudGI1101
GI1TDGR2,EtudGI1102
GI1TDGR2,EtudGI1103
GI1TDGR2,EtudGI1104
GI1TDGR2,EtudGI1105
GI1TDGR2,EtudGI1106
GI1TDGR2,EtudGI1107
GI1TDGR2,EtudGI1108
GI1TDGR2,EtudGI1109
GI1TDGR2,EtudGI1110
GI1TDGR2,EtudGI1111
GI1TDGR2,EtudGI1112
GI1TDGR2,EtudGI1113
GI1TDGR2,EtudGI1114
GI1TDGR2,EtudGI1115
GI1TDGR2,EtudGI1116
GI1TDGR2,EtudGI1117
GI1TDGR2,EtudGI1118
GI1TDGR2,EtudGI1119
GI1TDGR2,EtudGI1120
GI1TDGR2,EtudGI1121
GI1TDGR2,EtudGI1122
GI1TDGR2,EtudGI1123
GI1TDGR2,EtudGI1124
GI1TDGR2,EtudGI1125
GI1TDGR2,EtudGI1126
GI1TDGR2,EtudGI1127
GI1TDGR2,EtudGI1128
GI1TDGR2,EtudGI1129
GI1TDGR2,EtudGI1130
GI1TPGR1,EtudGI1001
GI1TPGR1,EtudGI1002
GI1TPGR1,EtudGI1003
GI1TPGR1,EtudGI1004
GI1TPGR1,EtudGI1005
GI1TPGR1,EtudGI1006
GI1TPGR1,EtudGI1007
GI1TPGR1,EtudGI1008
GI1TPGR1,EtudGI1009
GI1TPGR1,EtudGI1010
GI1TPGR1,EtudGI1011
GI1TPGR1,EtudGI1012
GI1TPGR1,EtudGI1013
GI1TPGR1,EtudGI1014
GI1TPGR1,EtudGI1015
GI1TPGR1,EtudGI1016
GI1TPGR1,EtudGI1017
GI1TPGR1,EtudGI1018
GI1TPGR1,EtudGI1019
GI1TPGR1,EtudGI1020
GI1TPGR1,EtudGI1021
GI1TPGR1,EtudGI1022
GI1TPGR1,EtudGI1023
GI1TPGR1,EtudGI1024
GI1TPGR1,EtudGI1025
GI1TPGR1,EtudGI1026
GI1TPGR1,EtudGI1027
GI1TPGR1,EtudGI1028
GI1TPGR1,EtudGI1029
GI1TPGR1,EtudGI1030
GI1TPGR1,EtudGI1031
GI1TPGR1,EtudGI1032
GI1TPGR1,EtudGI1033
GI1TPGR1,EtudGI1034
GI1TPGR2,EtudGI1035
GI1TPGR2,EtudGI1036
GI1TPGR2,EtudGI1037
GI1TPGR2,EtudGI1038
GI1TPGR2,EtudGI1039
GI1TPGR2,EtudGI1040
GI1TPGR2,EtudGI1041
GI1TPGR2,EtudGI1042
GI1TPGR2,EtudGI1043
GI1TPGR2,EtudGI1044
GI1TPGR2,EtudGI1045
GI1TPGR2,EtudGI1046
GI1TPGR2,EtudGI1047
GI1TPGR2,EtudGI1048
GI1TPGR2,EtudGI1049
GI1TPGR2,EtudGI1050
GI1TPGR2,EtudGI1051
GI1TPGR2,EtudGI1052
GI1TPGR2,EtudGI1053
GI1TPGR2,EtudGI1054
GI1TPGR2,EtudGI1055
GI1TPGR2,EtudGI1056
GI1TPGR2,EtudGI1057
GI1TPGR2,EtudGI1058
GI1TPGR2,EtudGI1059
GI1TPGR2,EtudGI1060
GI1TPGR2,EtudGI1061
GI1TPGR2,EtudGI1062
GI1TPGR2,EtudGI1063
GI1TPGR2,EtudGI1064
GI1TPGR2,EtudGI1065
GI1TPGR2,EtudGI1066
GI1TPGR3,EtudGI1067
GI1TPGR3,EtudGI1068
GI1TPGR3,EtudGI1069
GI1TPGR3,EtudGI1070
GI1TPGR3,EtudGI1071
GI1TPGR3,EtudGI1072
GI1TPGR3,EtudGI1073
GI1TPGR3,EtudGI1074
GI1TPGR3,EtudGI1075
GI1TPGR3,EtudGI1076
GI1TPGR3,EtudGI1077
GI1TPGR3,EtudGI1078
GI1TPGR3,EtudGI1079
GI1TPGR3,EtudGI1080
GI1TPGR3,EtudGI1081
GI1TPGR3,EtudGI1082
GI1TPGR3,EtudGI1083
GI1TPGR3,EtudGI1084
GI1TPGR3,EtudGI1085
GI1TPGR3,EtudGI1086
GI1TPGR3,EtudGI1087
GI1TPGR3,EtudGI1088
GI1TPGR3,EtudGI1089
GI1TPGR3,EtudGI1090
GI1TPGR3,EtudGI1091
GI1TPGR3,EtudGI1092
GI1TPGR3,EtudGI1093
GI1TPGR3,EtudGI1094
GI1TPGR3,EtudGI1095
GI1TPGR3,EtudGI1096
GI1TPGR3,EtudGI1097
GI1TPGR3,EtudGI1098
GI1TPGR4,EtudGI1099
GI1TPGR4,EtudGI1100
GI1TPGR4,EtudGI1101
GI1TPGR4,EtudGI1102
GI1TPGR4,EtudGI1103
GI1TPGR4,EtudGI1104
GI1TPGR4,EtudGI1105
GI1TPGR4,EtudGI1106
GI1TPGR4,EtudGI1107
GI1TPGR4,EtudGI1108
GI1TPGR4,EtudGI1109
GI1TPGR4,EtudGI1110
GI1TPGR4,EtudGI1111
GI1TPGR4,EtudGI1112
GI1TPGR4,EtudGI1113
GI1TPGR4,EtudGI1114
GI1TPGR4,EtudGI1115
GI1TPGR4,EtudGI1116
GI1TPGR4,EtudGI1117
GI1TPGR4,EtudGI1118
GI1TPGR4,EtudGI1119
GI1TPGR4,EtudGI1120
GI1TPGR4,EtudGI1121
GI1TPGR4,EtudGI1122
GI1TPGR4,EtudGI1123
GI1TPGR4,EtudGI1124
GI1TPGR4,EtudGI1125
GI1TPGR4,EtudGI1126
GI1TPGR4,EtudGI1127
GI1TPGR4,EtudGI1128
GI1TPGR4,EtudGI1129
GI1TPGR4,EtudGI1130
